layer,kind,tensor,type,cols,rows,batch,calls,ms
0,q_proj,blk.0.attn_q.weight,Q4_0,4096,4096,32,4,77.418010
0,k_proj,blk.0.attn_k.weight,Q4_0,4096,4096,32,4,77.473027
0,v_proj,blk.0.attn_v.weight,Q4_0,4096,4096,32,4,77.803016
0,o_proj,blk.0.attn_output.weight,Q4_0,4096,4096,32,4,76.949988
0,ffn_gate,blk.0.ffn_gate.weight,Q4_0,4096,11008,32,4,208.097142
0,ffn_up,blk.0.ffn_up.weight,Q4_0,4096,11008,32,4,207.336891
0,ffn_down,blk.0.ffn_down.weight,Q4_0,11008,4096,32,4,202.110863
1,q_proj,blk.1.attn_q.weight,Q4_0,4096,4096,32,4,77.038885
1,k_proj,blk.1.attn_k.weight,Q4_0,4096,4096,32,4,77.150061
1,v_proj,blk.1.attn_v.weight,Q4_0,4096,4096,32,4,76.864312
1,o_proj,blk.1.attn_output.weight,Q4_0,4096,4096,32,4,76.601981
1,ffn_gate,blk.1.ffn_gate.weight,Q4_0,4096,11008,32,4,208.500138
1,ffn_up,blk.1.ffn_up.weight,Q4_0,4096,11008,32,4,207.519860
1,ffn_down,blk.1.ffn_down.weight,Q4_0,11008,4096,32,4,201.458252
2,q_proj,blk.2.attn_q.weight,Q4_0,4096,4096,32,4,77.306444
2,k_proj,blk.2.attn_k.weight,Q4_0,4096,4096,32,4,76.675155
2,v_proj,blk.2.attn_v.weight,Q4_0,4096,4096,32,4,78.122947
2,o_proj,blk.2.attn_output.weight,Q4_0,4096,4096,32,4,77.463242
2,ffn_gate,blk.2.ffn_gate.weight,Q4_0,4096,11008,32,4,208.209809
2,ffn_up,blk.2.ffn_up.weight,Q4_0,4096,11008,32,4,207.428217
2,ffn_down,blk.2.ffn_down.weight,Q4_0,11008,4096,32,4,202.107544
3,q_proj,blk.3.attn_q.weight,Q4_0,4096,4096,32,4,76.732191
3,k_proj,blk.3.attn_k.weight,Q4_0,4096,4096,32,4,77.419358
3,v_proj,blk.3.attn_v.weight,Q4_0,4096,4096,32,4,76.813786
3,o_proj,blk.3.attn_output.weight,Q4_0,4096,4096,32,4,78.161171
3,ffn_gate,blk.3.ffn_gate.weight,Q4_0,4096,11008,32,4,209.166864
3,ffn_up,blk.3.ffn_up.weight,Q4_0,4096,11008,32,4,207.336619
3,ffn_down,blk.3.ffn_down.weight,Q4_0,11008,4096,32,4,201.411670
4,q_proj,blk.4.attn_q.weight,Q4_0,4096,4096,32,4,76.977649
4,k_proj,blk.4.attn_k.weight,Q4_0,4096,4096,32,4,77.291768
4,v_proj,blk.4.attn_v.weight,Q4_0,4096,4096,32,4,77.184871
4,o_proj,blk.4.attn_output.weight,Q4_0,4096,4096,32,4,77.490023
4,ffn_gate,blk.4.ffn_gate.weight,Q4_0,4096,11008,32,4,208.145431
4,ffn_up,blk.4.ffn_up.weight,Q4_0,4096,11008,32,4,207.706902
4,ffn_down,blk.4.ffn_down.weight,Q4_0,11008,4096,32,4,201.808001
5,q_proj,blk.5.attn_q.weight,Q4_0,4096,4096,32,4,77.584902
5,k_proj,blk.5.attn_k.weight,Q4_0,4096,4096,32,4,77.512764
5,v_proj,blk.5.attn_v.weight,Q4_0,4096,4096,32,4,77.621755
5,o_proj,blk.5.attn_output.weight,Q4_0,4096,4096,32,4,77.074705
5,ffn_gate,blk.5.ffn_gate.weight,Q4_0,4096,11008,32,4,208.243844
5,ffn_up,blk.5.ffn_up.weight,Q4_0,4096,11008,32,4,207.146114
5,ffn_down,blk.5.ffn_down.weight,Q4_0,11008,4096,32,4,203.406064
6,q_proj,blk.6.attn_q.weight,Q4_0,4096,4096,32,4,77.355188
6,k_proj,blk.6.attn_k.weight,Q4_0,4096,4096,32,4,77.610324
6,v_proj,blk.6.attn_v.weight,Q4_0,4096,4096,32,4,76.926335
6,o_proj,blk.6.attn_output.weight,Q4_0,4096,4096,32,4,76.864023
6,ffn_gate,blk.6.ffn_gate.weight,Q4_0,4096,11008,32,4,208.036850
6,ffn_up,blk.6.ffn_up.weight,Q4_0,4096,11008,32,4,208.118648
6,ffn_down,blk.6.ffn_down.weight,Q4_0,11008,4096,32,4,201.793719
7,q_proj,blk.7.attn_q.weight,Q4_0,4096,4096,32,4,76.918509
7,k_proj,blk.7.attn_k.weight,Q4_0,4096,4096,32,4,77.309410
7,v_proj,blk.7.attn_v.weight,Q4_0,4096,4096,32,4,77.032019
7,o_proj,blk.7.attn_output.weight,Q4_0,4096,4096,32,4,76.666340
7,ffn_gate,blk.7.ffn_gate.weight,Q4_0,4096,11008,32,4,208.626033
7,ffn_up,blk.7.ffn_up.weight,Q4_0,4096,11008,32,4,207.968696
7,ffn_down,blk.7.ffn_down.weight,Q4_0,11008,4096,32,4,201.618928
8,q_proj,blk.8.attn_q.weight,Q4_0,4096,4096,32,4,76.746577
8,k_proj,blk.8.attn_k.weight,Q4_0,4096,4096,32,4,76.040561
8,v_proj,blk.8.attn_v.weight,Q4_0,4096,4096,32,4,76.674592
8,o_proj,blk.8.attn_output.weight,Q4_0,4096,4096,32,4,76.386991
8,ffn_gate,blk.8.ffn_gate.weight,Q4_0,4096,11008,32,4,208.358329
8,ffn_up,blk.8.ffn_up.weight,Q4_0,4096,11008,32,4,207.324058
8,ffn_down,blk.8.ffn_down.weight,Q4_0,11008,4096,32,4,201.052234
9,q_proj,blk.9.attn_q.weight,Q4_0,4096,4096,32,4,76.889063
9,k_proj,blk.9.attn_k.weight,Q4_0,4096,4096,32,4,75.939595
9,v_proj,blk.9.attn_v.weight,Q4_0,4096,4096,32,4,76.777120
9,o_proj,blk.9.attn_output.weight,Q4_0,4096,4096,32,4,76.760962
9,ffn_gate,blk.9.ffn_gate.weight,Q4_0,4096,11008,32,4,207.928769
9,ffn_up,blk.9.ffn_up.weight,Q4_0,4096,11008,32,4,207.721952
9,ffn_down,blk.9.ffn_down.weight,Q4_0,11008,4096,32,4,202.994607
10,q_proj,blk.10.attn_q.weight,Q4_0,4096,4096,32,4,76.480889
10,k_proj,blk.10.attn_k.weight,Q4_0,4096,4096,32,4,77.285295
10,v_proj,blk.10.attn_v.weight,Q4_0,4096,4096,32,4,76.228903
10,o_proj,blk.10.attn_output.weight,Q4_0,4096,4096,32,4,77.392808
10,ffn_gate,blk.10.ffn_gate.weight,Q4_0,4096,11008,32,4,208.618450
10,ffn_up,blk.10.ffn_up.weight,Q4_0,4096,11008,32,4,207.718599
10,ffn_down,blk.10.ffn_down.weight,Q4_0,11008,4096,32,4,201.087837
11,q_proj,blk.11.attn_q.weight,Q4_0,4096,4096,32,4,76.873671
11,k_proj,blk.11.attn_k.weight,Q4_0,4096,4096,32,4,76.569777
11,v_proj,blk.11.attn_v.weight,Q4_0,4096,4096,32,4,75.909386
11,o_proj,blk.11.attn_output.weight,Q4_0,4096,4096,32,4,77.401368
11,ffn_gate,blk.11.ffn_gate.weight,Q4_0,4096,11008,32,4,208.466380
11,ffn_up,blk.11.ffn_up.weight,Q4_0,4096,11008,32,4,208.002628
11,ffn_down,blk.11.ffn_down.weight,Q4_0,11008,4096,32,4,202.386668
12,q_proj,blk.12.attn_q.weight,Q4_0,4096,4096,32,4,76.193573
12,k_proj,blk.12.attn_k.weight,Q4_0,4096,4096,32,4,77.450217
12,v_proj,blk.12.attn_v.weight,Q4_0,4096,4096,32,4,77.317124
12,o_proj,blk.12.attn_output.weight,Q4_0,4096,4096,32,4,77.232492
12,ffn_gate,blk.12.ffn_gate.weight,Q4_0,4096,11008,32,4,207.923489
12,ffn_up,blk.12.ffn_up.weight,Q4_0,4096,11008,32,4,208.196635
12,ffn_down,blk.12.ffn_down.weight,Q4_0,11008,4096,32,4,202.372332
13,q_proj,blk.13.attn_q.weight,Q4_0,4096,4096,32,4,77.058092
13,k_proj,blk.13.attn_k.weight,Q4_0,4096,4096,32,4,76.746928
13,v_proj,blk.13.attn_v.weight,Q4_0,4096,4096,32,4,77.544846
13,o_proj,blk.13.attn_output.weight,Q4_0,4096,4096,32,4,77.582769
13,ffn_gate,blk.13.ffn_gate.weight,Q4_0,4096,11008,32,4,207.860579
13,ffn_up,blk.13.ffn_up.weight,Q4_0,4096,11008,32,4,208.185690
13,ffn_down,blk.13.ffn_down.weight,Q4_0,11008,4096,32,4,201.439137
14,q_proj,blk.14.attn_q.weight,Q4_0,4096,4096,32,4,77.061093
14,k_proj,blk.14.attn_k.weight,Q4_0,4096,4096,32,4,76.442113
14,v_proj,blk.14.attn_v.weight,Q4_0,4096,4096,32,4,76.811532
14,o_proj,blk.14.attn_output.weight,Q4_0,4096,4096,32,4,77.270786
14,ffn_gate,blk.14.ffn_gate.weight,Q4_0,4096,11008,32,4,208.118157
14,ffn_up,blk.14.ffn_up.weight,Q4_0,4096,11008,32,4,208.749450
14,ffn_down,blk.14.ffn_down.weight,Q4_0,11008,4096,32,4,202.612974
15,q_proj,blk.15.attn_q.weight,Q4_0,4096,4096,32,4,77.589286
15,k_proj,blk.15.attn_k.weight,Q4_0,4096,4096,32,4,77.483059
15,v_proj,blk.15.attn_v.weight,Q4_0,4096,4096,32,4,77.436487
15,o_proj,blk.15.attn_output.weight,Q4_0,4096,4096,32,4,76.663677
15,ffn_gate,blk.15.ffn_gate.weight,Q4_0,4096,11008,32,4,208.263565
15,ffn_up,blk.15.ffn_up.weight,Q4_0,4096,11008,32,4,208.107003
15,ffn_down,blk.15.ffn_down.weight,Q4_0,11008,4096,32,4,202.282614
16,q_proj,blk.16.attn_q.weight,Q4_0,4096,4096,32,4,76.786119
16,k_proj,blk.16.attn_k.weight,Q4_0,4096,4096,32,4,77.453105
16,v_proj,blk.16.attn_v.weight,Q4_0,4096,4096,32,4,77.258594
16,o_proj,blk.16.attn_output.weight,Q4_0,4096,4096,32,4,77.277851
16,ffn_gate,blk.16.ffn_gate.weight,Q4_0,4096,11008,32,4,208.544913
16,ffn_up,blk.16.ffn_up.weight,Q4_0,4096,11008,32,4,208.450415
16,ffn_down,blk.16.ffn_down.weight,Q4_0,11008,4096,32,4,201.829073
17,q_proj,blk.17.attn_q.weight,Q4_0,4096,4096,32,4,77.047115
17,k_proj,blk.17.attn_k.weight,Q4_0,4096,4096,32,4,76.859690
17,v_proj,blk.17.attn_v.weight,Q4_0,4096,4096,32,4,76.514181
17,o_proj,blk.17.attn_output.weight,Q4_0,4096,4096,32,4,76.298986
17,ffn_gate,blk.17.ffn_gate.weight,Q4_0,4096,11008,32,4,207.708065
17,ffn_up,blk.17.ffn_up.weight,Q4_0,4096,11008,32,4,208.131068
17,ffn_down,blk.17.ffn_down.weight,Q4_0,11008,4096,32,4,201.636956
18,q_proj,blk.18.attn_q.weight,Q4_0,4096,4096,32,4,77.611247
18,k_proj,blk.18.attn_k.weight,Q4_0,4096,4096,32,4,76.781759
18,v_proj,blk.18.attn_v.weight,Q4_0,4096,4096,32,4,76.836257
18,o_proj,blk.18.attn_output.weight,Q4_0,4096,4096,32,4,76.746426
18,ffn_gate,blk.18.ffn_gate.weight,Q4_0,4096,11008,32,4,208.588844
18,ffn_up,blk.18.ffn_up.weight,Q4_0,4096,11008,32,4,207.137934
18,ffn_down,blk.18.ffn_down.weight,Q4_0,11008,4096,32,4,200.180681
19,q_proj,blk.19.attn_q.weight,Q4_0,4096,4096,32,4,77.107205
19,k_proj,blk.19.attn_k.weight,Q4_0,4096,4096,32,4,77.729195
19,v_proj,blk.19.attn_v.weight,Q4_0,4096,4096,32,4,76.875234
19,o_proj,blk.19.attn_output.weight,Q4_0,4096,4096,32,4,76.691500
19,ffn_gate,blk.19.ffn_gate.weight,Q4_0,4096,11008,32,4,208.121929
19,ffn_up,blk.19.ffn_up.weight,Q4_0,4096,11008,32,4,207.659528
19,ffn_down,blk.19.ffn_down.weight,Q4_0,11008,4096,32,4,201.307349
20,q_proj,blk.20.attn_q.weight,Q4_0,4096,4096,32,4,76.239481
20,k_proj,blk.20.attn_k.weight,Q4_0,4096,4096,32,4,77.995340
20,v_proj,blk.20.attn_v.weight,Q4_0,4096,4096,32,4,76.378818
20,o_proj,blk.20.attn_output.weight,Q4_0,4096,4096,32,4,77.169001
20,ffn_gate,blk.20.ffn_gate.weight,Q4_0,4096,11008,32,4,208.193276
20,ffn_up,blk.20.ffn_up.weight,Q4_0,4096,11008,32,4,208.241386
20,ffn_down,blk.20.ffn_down.weight,Q4_0,11008,4096,32,4,201.768875
21,q_proj,blk.21.attn_q.weight,Q4_0,4096,4096,32,4,76.763126
21,k_proj,blk.21.attn_k.weight,Q4_0,4096,4096,32,4,76.812546
21,v_proj,blk.21.attn_v.weight,Q4_0,4096,4096,32,4,77.670998
21,o_proj,blk.21.attn_output.weight,Q4_0,4096,4096,32,4,77.614383
21,ffn_gate,blk.21.ffn_gate.weight,Q4_0,4096,11008,32,4,207.971311
21,ffn_up,blk.21.ffn_up.weight,Q4_0,4096,11008,32,4,207.402010
21,ffn_down,blk.21.ffn_down.weight,Q4_0,11008,4096,32,4,201.866637
22,q_proj,blk.22.attn_q.weight,Q4_0,4096,4096,32,4,76.211961
22,k_proj,blk.22.attn_k.weight,Q4_0,4096,4096,32,4,76.721097
22,v_proj,blk.22.attn_v.weight,Q4_0,4096,4096,32,4,76.638388
22,o_proj,blk.22.attn_output.weight,Q4_0,4096,4096,32,4,77.216628
22,ffn_gate,blk.22.ffn_gate.weight,Q4_0,4096,11008,32,4,208.302496
22,ffn_up,blk.22.ffn_up.weight,Q4_0,4096,11008,32,4,207.936366
22,ffn_down,blk.22.ffn_down.weight,Q4_0,11008,4096,32,4,202.642784
23,q_proj,blk.23.attn_q.weight,Q4_0,4096,4096,32,4,76.708848
23,k_proj,blk.23.attn_k.weight,Q4_0,4096,4096,32,4,76.823107
23,v_proj,blk.23.attn_v.weight,Q4_0,4096,4096,32,4,77.188168
23,o_proj,blk.23.attn_output.weight,Q4_0,4096,4096,32,4,78.858557
23,ffn_gate,blk.23.ffn_gate.weight,Q4_0,4096,11008,32,4,208.255037
23,ffn_up,blk.23.ffn_up.weight,Q4_0,4096,11008,32,4,209.568114
23,ffn_down,blk.23.ffn_down.weight,Q4_0,11008,4096,32,4,202.123393
24,q_proj,blk.24.attn_q.weight,Q4_0,4096,4096,32,4,77.696596
24,k_proj,blk.24.attn_k.weight,Q4_0,4096,4096,32,4,77.095906
24,v_proj,blk.24.attn_v.weight,Q4_0,4096,4096,32,4,76.904435
24,o_proj,blk.24.attn_output.weight,Q4_0,4096,4096,32,4,76.614568
24,ffn_gate,blk.24.ffn_gate.weight,Q4_0,4096,11008,32,4,207.971314
24,ffn_up,blk.24.ffn_up.weight,Q4_0,4096,11008,32,4,208.354167
24,ffn_down,blk.24.ffn_down.weight,Q4_0,11008,4096,32,4,203.464498
25,q_proj,blk.25.attn_q.weight,Q4_0,4096,4096,32,4,77.115264
25,k_proj,blk.25.attn_k.weight,Q4_0,4096,4096,32,4,77.930877
25,v_proj,blk.25.attn_v.weight,Q4_0,4096,4096,32,4,78.123993
25,o_proj,blk.25.attn_output.weight,Q4_0,4096,4096,32,4,77.575739
25,ffn_gate,blk.25.ffn_gate.weight,Q4_0,4096,11008,32,4,207.586362
25,ffn_up,blk.25.ffn_up.weight,Q4_0,4096,11008,32,4,207.899701
25,ffn_down,blk.25.ffn_down.weight,Q4_0,11008,4096,32,4,200.784217
26,q_proj,blk.26.attn_q.weight,Q4_0,4096,4096,32,4,76.732589
26,k_proj,blk.26.attn_k.weight,Q4_0,4096,4096,32,4,77.403849
26,v_proj,blk.26.attn_v.weight,Q4_0,4096,4096,32,4,77.387331
26,o_proj,blk.26.attn_output.weight,Q4_0,4096,4096,32,4,76.824102
26,ffn_gate,blk.26.ffn_gate.weight,Q4_0,4096,11008,32,4,208.614640
26,ffn_up,blk.26.ffn_up.weight,Q4_0,4096,11008,32,4,207.322827
26,ffn_down,blk.26.ffn_down.weight,Q4_0,11008,4096,32,4,200.825996
27,q_proj,blk.27.attn_q.weight,Q4_0,4096,4096,32,4,76.787219
27,k_proj,blk.27.attn_k.weight,Q4_0,4096,4096,32,4,76.623424
27,v_proj,blk.27.attn_v.weight,Q4_0,4096,4096,32,4,76.888537
27,o_proj,blk.27.attn_output.weight,Q4_0,4096,4096,32,4,76.804898
27,ffn_gate,blk.27.ffn_gate.weight,Q4_0,4096,11008,32,4,207.451637
27,ffn_up,blk.27.ffn_up.weight,Q4_0,4096,11008,32,4,207.260430
27,ffn_down,blk.27.ffn_down.weight,Q4_0,11008,4096,32,4,201.560250
28,q_proj,blk.28.attn_q.weight,Q4_0,4096,4096,32,4,77.275082
28,k_proj,blk.28.attn_k.weight,Q4_0,4096,4096,32,4,77.947483
28,v_proj,blk.28.attn_v.weight,Q4_0,4096,4096,32,4,76.964878
28,o_proj,blk.28.attn_output.weight,Q4_0,4096,4096,32,4,76.820791
28,ffn_gate,blk.28.ffn_gate.weight,Q4_0,4096,11008,32,4,207.035824
28,ffn_up,blk.28.ffn_up.weight,Q4_0,4096,11008,32,4,207.639694
28,ffn_down,blk.28.ffn_down.weight,Q4_0,11008,4096,32,4,202.388420
29,q_proj,blk.29.attn_q.weight,Q4_0,4096,4096,32,4,77.402642
29,k_proj,blk.29.attn_k.weight,Q4_0,4096,4096,32,4,77.050974
29,v_proj,blk.29.attn_v.weight,Q4_0,4096,4096,32,4,76.919796
29,o_proj,blk.29.attn_output.weight,Q4_0,4096,4096,32,4,77.041573
29,ffn_gate,blk.29.ffn_gate.weight,Q4_0,4096,11008,32,4,207.909765
29,ffn_up,blk.29.ffn_up.weight,Q4_0,4096,11008,32,4,208.381420
29,ffn_down,blk.29.ffn_down.weight,Q4_0,11008,4096,32,4,200.812171
30,q_proj,blk.30.attn_q.weight,Q4_0,4096,4096,32,4,76.590342
30,k_proj,blk.30.attn_k.weight,Q4_0,4096,4096,32,4,77.020551
30,v_proj,blk.30.attn_v.weight,Q4_0,4096,4096,32,4,77.251154
30,o_proj,blk.30.attn_output.weight,Q4_0,4096,4096,32,4,76.563528
30,ffn_gate,blk.30.ffn_gate.weight,Q4_0,4096,11008,32,4,207.987977
30,ffn_up,blk.30.ffn_up.weight,Q4_0,4096,11008,32,4,208.100345
30,ffn_down,blk.30.ffn_down.weight,Q4_0,11008,4096,32,4,202.287310
31,q_proj,blk.31.attn_q.weight,Q4_0,4096,4096,32,4,76.434860
31,k_proj,blk.31.attn_k.weight,Q4_0,4096,4096,32,4,77.327074
31,v_proj,blk.31.attn_v.weight,Q4_0,4096,4096,32,4,76.441313
31,o_proj,blk.31.attn_output.weight,Q4_0,4096,4096,32,4,77.200675
31,ffn_gate,blk.31.ffn_gate.weight,Q4_0,4096,11008,32,4,208.560315
31,ffn_up,blk.31.ffn_up.weight,Q4_0,4096,11008,32,4,207.321894
31,ffn_down,blk.31.ffn_down.weight,Q4_0,11008,4096,32,4,201.964540
-1,output,output.weight,Q6_K,4096,32000,1,17,3393.196654
0,q_proj,blk.0.attn_q.weight,Q4_0,4096,4096,1,16,16.588271
0,k_proj,blk.0.attn_k.weight,Q4_0,4096,4096,1,16,16.146000
0,v_proj,blk.0.attn_v.weight,Q4_0,4096,4096,1,16,16.015637
0,o_proj,blk.0.attn_output.weight,Q4_0,4096,4096,1,16,16.138161
0,ffn_gate,blk.0.ffn_gate.weight,Q4_0,4096,11008,1,16,42.213139
0,ffn_up,blk.0.ffn_up.weight,Q4_0,4096,11008,1,16,42.251949
0,ffn_down,blk.0.ffn_down.weight,Q4_0,11008,4096,1,16,42.887623
1,q_proj,blk.1.attn_q.weight,Q4_0,4096,4096,1,16,16.019389
1,k_proj,blk.1.attn_k.weight,Q4_0,4096,4096,1,16,15.970510
1,v_proj,blk.1.attn_v.weight,Q4_0,4096,4096,1,16,16.016588
1,o_proj,blk.1.attn_output.weight,Q4_0,4096,4096,1,16,16.054445
1,ffn_gate,blk.1.ffn_gate.weight,Q4_0,4096,11008,1,16,42.133342
1,ffn_up,blk.1.ffn_up.weight,Q4_0,4096,11008,1,16,42.123334
1,ffn_down,blk.1.ffn_down.weight,Q4_0,11008,4096,1,16,42.935167
2,q_proj,blk.2.attn_q.weight,Q4_0,4096,4096,1,16,16.008989
2,k_proj,blk.2.attn_k.weight,Q4_0,4096,4096,1,16,15.982343
2,v_proj,blk.2.attn_v.weight,Q4_0,4096,4096,1,16,16.804153
2,o_proj,blk.2.attn_output.weight,Q4_0,4096,4096,1,16,16.042242
2,ffn_gate,blk.2.ffn_gate.weight,Q4_0,4096,11008,1,16,42.144214
2,ffn_up,blk.2.ffn_up.weight,Q4_0,4096,11008,1,16,42.437652
2,ffn_down,blk.2.ffn_down.weight,Q4_0,11008,4096,1,16,43.140817
3,q_proj,blk.3.attn_q.weight,Q4_0,4096,4096,1,16,16.021296
3,k_proj,blk.3.attn_k.weight,Q4_0,4096,4096,1,16,15.955105
3,v_proj,blk.3.attn_v.weight,Q4_0,4096,4096,1,16,15.933518
3,o_proj,blk.3.attn_output.weight,Q4_0,4096,4096,1,16,16.053604
3,ffn_gate,blk.3.ffn_gate.weight,Q4_0,4096,11008,1,16,42.240383
3,ffn_up,blk.3.ffn_up.weight,Q4_0,4096,11008,1,16,42.177666
3,ffn_down,blk.3.ffn_down.weight,Q4_0,11008,4096,1,16,42.751955
4,q_proj,blk.4.attn_q.weight,Q4_0,4096,4096,1,16,15.956015
4,k_proj,blk.4.attn_k.weight,Q4_0,4096,4096,1,16,15.997347
4,v_proj,blk.4.attn_v.weight,Q4_0,4096,4096,1,16,15.951632
4,o_proj,blk.4.attn_output.weight,Q4_0,4096,4096,1,16,16.045603
4,ffn_gate,blk.4.ffn_gate.weight,Q4_0,4096,11008,1,16,42.278605
4,ffn_up,blk.4.ffn_up.weight,Q4_0,4096,11008,1,16,42.129817
4,ffn_down,blk.4.ffn_down.weight,Q4_0,11008,4096,1,16,42.761033
5,q_proj,blk.5.attn_q.weight,Q4_0,4096,4096,1,16,16.069468
5,k_proj,blk.5.attn_k.weight,Q4_0,4096,4096,1,16,16.022316
5,v_proj,blk.5.attn_v.weight,Q4_0,4096,4096,1,16,16.037923
5,o_proj,blk.5.attn_output.weight,Q4_0,4096,4096,1,16,16.089731
5,ffn_gate,blk.5.ffn_gate.weight,Q4_0,4096,11008,1,16,42.149441
5,ffn_up,blk.5.ffn_up.weight,Q4_0,4096,11008,1,16,42.124829
5,ffn_down,blk.5.ffn_down.weight,Q4_0,11008,4096,1,16,42.978530
6,q_proj,blk.6.attn_q.weight,Q4_0,4096,4096,1,16,16.003213
6,k_proj,blk.6.attn_k.weight,Q4_0,4096,4096,1,16,15.991281
6,v_proj,blk.6.attn_v.weight,Q4_0,4096,4096,1,16,15.956748
6,o_proj,blk.6.attn_output.weight,Q4_0,4096,4096,1,16,16.051754
6,ffn_gate,blk.6.ffn_gate.weight,Q4_0,4096,11008,1,16,42.247416
6,ffn_up,blk.6.ffn_up.weight,Q4_0,4096,11008,1,16,42.197149
6,ffn_down,blk.6.ffn_down.weight,Q4_0,11008,4096,1,16,42.862449
7,q_proj,blk.7.attn_q.weight,Q4_0,4096,4096,1,16,15.936897
7,k_proj,blk.7.attn_k.weight,Q4_0,4096,4096,1,16,15.950872
7,v_proj,blk.7.attn_v.weight,Q4_0,4096,4096,1,16,15.955428
7,o_proj,blk.7.attn_output.weight,Q4_0,4096,4096,1,16,17.249542
7,ffn_gate,blk.7.ffn_gate.weight,Q4_0,4096,11008,1,16,42.200999
7,ffn_up,blk.7.ffn_up.weight,Q4_0,4096,11008,1,16,42.269507
7,ffn_down,blk.7.ffn_down.weight,Q4_0,11008,4096,1,16,42.951559
8,q_proj,blk.8.attn_q.weight,Q4_0,4096,4096,1,16,15.993351
8,k_proj,blk.8.attn_k.weight,Q4_0,4096,4096,1,16,16.008689
8,v_proj,blk.8.attn_v.weight,Q4_0,4096,4096,1,16,16.009116
8,o_proj,blk.8.attn_output.weight,Q4_0,4096,4096,1,16,16.103084
8,ffn_gate,blk.8.ffn_gate.weight,Q4_0,4096,11008,1,16,42.190983
8,ffn_up,blk.8.ffn_up.weight,Q4_0,4096,11008,1,16,42.172149
8,ffn_down,blk.8.ffn_down.weight,Q4_0,11008,4096,1,16,42.896253
9,q_proj,blk.9.attn_q.weight,Q4_0,4096,4096,1,16,15.952017
9,k_proj,blk.9.attn_k.weight,Q4_0,4096,4096,1,16,15.966970
9,v_proj,blk.9.attn_v.weight,Q4_0,4096,4096,1,16,15.925627
9,o_proj,blk.9.attn_output.weight,Q4_0,4096,4096,1,16,16.956577
9,ffn_gate,blk.9.ffn_gate.weight,Q4_0,4096,11008,1,16,42.266321
9,ffn_up,blk.9.ffn_up.weight,Q4_0,4096,11008,1,16,42.308488
9,ffn_down,blk.9.ffn_down.weight,Q4_0,11008,4096,1,16,42.743632
10,q_proj,blk.10.attn_q.weight,Q4_0,4096,4096,1,16,15.970471
10,k_proj,blk.10.attn_k.weight,Q4_0,4096,4096,1,16,16.155874
10,v_proj,blk.10.attn_v.weight,Q4_0,4096,4096,1,16,15.942018
10,o_proj,blk.10.attn_output.weight,Q4_0,4096,4096,1,16,16.044232
10,ffn_gate,blk.10.ffn_gate.weight,Q4_0,4096,11008,1,16,42.275818
10,ffn_up,blk.10.ffn_up.weight,Q4_0,4096,11008,1,16,42.242178
10,ffn_down,blk.10.ffn_down.weight,Q4_0,11008,4096,1,16,42.929375
11,q_proj,blk.11.attn_q.weight,Q4_0,4096,4096,1,16,16.591685
11,k_proj,blk.11.attn_k.weight,Q4_0,4096,4096,1,16,15.978088
11,v_proj,blk.11.attn_v.weight,Q4_0,4096,4096,1,16,15.992247
11,o_proj,blk.11.attn_output.weight,Q4_0,4096,4096,1,16,16.042771
11,ffn_gate,blk.11.ffn_gate.weight,Q4_0,4096,11008,1,16,42.171149
11,ffn_up,blk.11.ffn_up.weight,Q4_0,4096,11008,1,16,42.200746
11,ffn_down,blk.11.ffn_down.weight,Q4_0,11008,4096,1,16,42.886110
12,q_proj,blk.12.attn_q.weight,Q4_0,4096,4096,1,16,15.981709
12,k_proj,blk.12.attn_k.weight,Q4_0,4096,4096,1,16,15.978925
12,v_proj,blk.12.attn_v.weight,Q4_0,4096,4096,1,16,15.991906
12,o_proj,blk.12.attn_output.weight,Q4_0,4096,4096,1,16,16.060123
12,ffn_gate,blk.12.ffn_gate.weight,Q4_0,4096,11008,1,16,42.229160
12,ffn_up,blk.12.ffn_up.weight,Q4_0,4096,11008,1,16,42.232909
12,ffn_down,blk.12.ffn_down.weight,Q4_0,11008,4096,1,16,42.745729
13,q_proj,blk.13.attn_q.weight,Q4_0,4096,4096,1,16,15.980566
13,k_proj,blk.13.attn_k.weight,Q4_0,4096,4096,1,16,15.992228
13,v_proj,blk.13.attn_v.weight,Q4_0,4096,4096,1,16,16.005599
13,o_proj,blk.13.attn_output.weight,Q4_0,4096,4096,1,16,16.047206
13,ffn_gate,blk.13.ffn_gate.weight,Q4_0,4096,11008,1,16,42.125614
13,ffn_up,blk.13.ffn_up.weight,Q4_0,4096,11008,1,16,42.219441
13,ffn_down,blk.13.ffn_down.weight,Q4_0,11008,4096,1,16,42.782508
14,q_proj,blk.14.attn_q.weight,Q4_0,4096,4096,1,16,15.959132
14,k_proj,blk.14.attn_k.weight,Q4_0,4096,4096,1,16,15.941303
14,v_proj,blk.14.attn_v.weight,Q4_0,4096,4096,1,16,15.925620
14,o_proj,blk.14.attn_output.weight,Q4_0,4096,4096,1,16,16.115144
14,ffn_gate,blk.14.ffn_gate.weight,Q4_0,4096,11008,1,16,42.354975
14,ffn_up,blk.14.ffn_up.weight,Q4_0,4096,11008,1,16,42.179808
14,ffn_down,blk.14.ffn_down.weight,Q4_0,11008,4096,1,16,43.205787
15,q_proj,blk.15.attn_q.weight,Q4_0,4096,4096,1,16,15.994275
15,k_proj,blk.15.attn_k.weight,Q4_0,4096,4096,1,16,16.008148
15,v_proj,blk.15.attn_v.weight,Q4_0,4096,4096,1,16,16.262467
15,o_proj,blk.15.attn_output.weight,Q4_0,4096,4096,1,16,16.170877
15,ffn_gate,blk.15.ffn_gate.weight,Q4_0,4096,11008,1,16,42.398489
15,ffn_up,blk.15.ffn_up.weight,Q4_0,4096,11008,1,16,42.121656
15,ffn_down,blk.15.ffn_down.weight,Q4_0,11008,4096,1,16,42.876687
16,q_proj,blk.16.attn_q.weight,Q4_0,4096,4096,1,16,15.948327
16,k_proj,blk.16.attn_k.weight,Q4_0,4096,4096,1,16,15.979913
16,v_proj,blk.16.attn_v.weight,Q4_0,4096,4096,1,16,15.955447
16,o_proj,blk.16.attn_output.weight,Q4_0,4096,4096,1,16,16.048737
16,ffn_gate,blk.16.ffn_gate.weight,Q4_0,4096,11008,1,16,42.057248
16,ffn_up,blk.16.ffn_up.weight,Q4_0,4096,11008,1,16,42.211834
16,ffn_down,blk.16.ffn_down.weight,Q4_0,11008,4096,1,16,42.827524
17,q_proj,blk.17.attn_q.weight,Q4_0,4096,4096,1,16,15.954601
17,k_proj,blk.17.attn_k.weight,Q4_0,4096,4096,1,16,16.966801
17,v_proj,blk.17.attn_v.weight,Q4_0,4096,4096,1,16,15.957627
17,o_proj,blk.17.attn_output.weight,Q4_0,4096,4096,1,16,16.010793
17,ffn_gate,blk.17.ffn_gate.weight,Q4_0,4096,11008,1,16,42.300361
17,ffn_up,blk.17.ffn_up.weight,Q4_0,4096,11008,1,16,42.913331
17,ffn_down,blk.17.ffn_down.weight,Q4_0,11008,4096,1,16,42.833908
18,q_proj,blk.18.attn_q.weight,Q4_0,4096,4096,1,16,15.932444
18,k_proj,blk.18.attn_k.weight,Q4_0,4096,4096,1,16,15.945516
18,v_proj,blk.18.attn_v.weight,Q4_0,4096,4096,1,16,15.970434
18,o_proj,blk.18.attn_output.weight,Q4_0,4096,4096,1,16,16.058235
18,ffn_gate,blk.18.ffn_gate.weight,Q4_0,4096,11008,1,16,42.289232
18,ffn_up,blk.18.ffn_up.weight,Q4_0,4096,11008,1,16,42.727865
18,ffn_down,blk.18.ffn_down.weight,Q4_0,11008,4096,1,16,42.772217
19,q_proj,blk.19.attn_q.weight,Q4_0,4096,4096,1,16,15.999969
19,k_proj,blk.19.attn_k.weight,Q4_0,4096,4096,1,16,15.973261
19,v_proj,blk.19.attn_v.weight,Q4_0,4096,4096,1,16,15.957868
19,o_proj,blk.19.attn_output.weight,Q4_0,4096,4096,1,16,16.080000
19,ffn_gate,blk.19.ffn_gate.weight,Q4_0,4096,11008,1,16,42.271703
19,ffn_up,blk.19.ffn_up.weight,Q4_0,4096,11008,1,16,42.201202
19,ffn_down,blk.19.ffn_down.weight,Q4_0,11008,4096,1,16,42.864705
20,q_proj,blk.20.attn_q.weight,Q4_0,4096,4096,1,16,15.975708
20,k_proj,blk.20.attn_k.weight,Q4_0,4096,4096,1,16,15.933956
20,v_proj,blk.20.attn_v.weight,Q4_0,4096,4096,1,16,15.944941
20,o_proj,blk.20.attn_output.weight,Q4_0,4096,4096,1,16,16.058577
20,ffn_gate,blk.20.ffn_gate.weight,Q4_0,4096,11008,1,16,42.202701
20,ffn_up,blk.20.ffn_up.weight,Q4_0,4096,11008,1,16,42.248813
20,ffn_down,blk.20.ffn_down.weight,Q4_0,11008,4096,1,16,42.822670
21,q_proj,blk.21.attn_q.weight,Q4_0,4096,4096,1,16,15.967364
21,k_proj,blk.21.attn_k.weight,Q4_0,4096,4096,1,16,15.962344
21,v_proj,blk.21.attn_v.weight,Q4_0,4096,4096,1,16,15.958933
21,o_proj,blk.21.attn_output.weight,Q4_0,4096,4096,1,16,17.075244
21,ffn_gate,blk.21.ffn_gate.weight,Q4_0,4096,11008,1,16,42.229879
21,ffn_up,blk.21.ffn_up.weight,Q4_0,4096,11008,1,16,42.135337
21,ffn_down,blk.21.ffn_down.weight,Q4_0,11008,4096,1,16,42.968485
22,q_proj,blk.22.attn_q.weight,Q4_0,4096,4096,1,16,16.069383
22,k_proj,blk.22.attn_k.weight,Q4_0,4096,4096,1,16,15.964184
22,v_proj,blk.22.attn_v.weight,Q4_0,4096,4096,1,16,16.006528
22,o_proj,blk.22.attn_output.weight,Q4_0,4096,4096,1,16,16.056479
22,ffn_gate,blk.22.ffn_gate.weight,Q4_0,4096,11008,1,16,42.291644
22,ffn_up,blk.22.ffn_up.weight,Q4_0,4096,11008,1,16,42.485200
22,ffn_down,blk.22.ffn_down.weight,Q4_0,11008,4096,1,16,42.930631
23,q_proj,blk.23.attn_q.weight,Q4_0,4096,4096,1,16,15.987751
23,k_proj,blk.23.attn_k.weight,Q4_0,4096,4096,1,16,16.038607
23,v_proj,blk.23.attn_v.weight,Q4_0,4096,4096,1,16,16.599069
23,o_proj,blk.23.attn_output.weight,Q4_0,4096,4096,1,16,18.924455
23,ffn_gate,blk.23.ffn_gate.weight,Q4_0,4096,11008,1,16,42.138164
23,ffn_up,blk.23.ffn_up.weight,Q4_0,4096,11008,1,16,44.561320
23,ffn_down,blk.23.ffn_down.weight,Q4_0,11008,4096,1,16,44.990304
24,q_proj,blk.24.attn_q.weight,Q4_0,4096,4096,1,16,16.039477
24,k_proj,blk.24.attn_k.weight,Q4_0,4096,4096,1,16,16.131755
24,v_proj,blk.24.attn_v.weight,Q4_0,4096,4096,1,16,15.945527
24,o_proj,blk.24.attn_output.weight,Q4_0,4096,4096,1,16,18.829394
24,ffn_gate,blk.24.ffn_gate.weight,Q4_0,4096,11008,1,16,42.244009
24,ffn_up,blk.24.ffn_up.weight,Q4_0,4096,11008,1,16,45.163954
24,ffn_down,blk.24.ffn_down.weight,Q4_0,11008,4096,1,16,45.931011
25,q_proj,blk.25.attn_q.weight,Q4_0,4096,4096,1,16,15.952530
25,k_proj,blk.25.attn_k.weight,Q4_0,4096,4096,1,16,16.339904
25,v_proj,blk.25.attn_v.weight,Q4_0,4096,4096,1,16,15.954168
25,o_proj,blk.25.attn_output.weight,Q4_0,4096,4096,1,16,18.766411
25,ffn_gate,blk.25.ffn_gate.weight,Q4_0,4096,11008,1,16,42.865374
25,ffn_up,blk.25.ffn_up.weight,Q4_0,4096,11008,1,16,46.135956
25,ffn_down,blk.25.ffn_down.weight,Q4_0,11008,4096,1,16,45.742650
26,q_proj,blk.26.attn_q.weight,Q4_0,4096,4096,1,16,16.012678
26,k_proj,blk.26.attn_k.weight,Q4_0,4096,4096,1,16,16.043291
26,v_proj,blk.26.attn_v.weight,Q4_0,4096,4096,1,16,18.991982
26,o_proj,blk.26.attn_output.weight,Q4_0,4096,4096,1,16,16.030309
26,ffn_gate,blk.26.ffn_gate.weight,Q4_0,4096,11008,1,16,44.331209
26,ffn_up,blk.26.ffn_up.weight,Q4_0,4096,11008,1,16,44.724487
26,ffn_down,blk.26.ffn_down.weight,Q4_0,11008,4096,1,16,45.651369
27,q_proj,blk.27.attn_q.weight,Q4_0,4096,4096,1,16,16.004692
27,k_proj,blk.27.attn_k.weight,Q4_0,4096,4096,1,16,15.943552
27,v_proj,blk.27.attn_v.weight,Q4_0,4096,4096,1,16,16.992757
27,o_proj,blk.27.attn_output.weight,Q4_0,4096,4096,1,16,16.069182
27,ffn_gate,blk.27.ffn_gate.weight,Q4_0,4096,11008,1,16,45.517316
27,ffn_up,blk.27.ffn_up.weight,Q4_0,4096,11008,1,16,44.840655
27,ffn_down,blk.27.ffn_down.weight,Q4_0,11008,4096,1,16,45.734377
28,q_proj,blk.28.attn_q.weight,Q4_0,4096,4096,1,16,16.072268
28,k_proj,blk.28.attn_k.weight,Q4_0,4096,4096,1,16,16.087209
28,v_proj,blk.28.attn_v.weight,Q4_0,4096,4096,1,16,18.896904
28,o_proj,blk.28.attn_output.weight,Q4_0,4096,4096,1,16,16.123358
28,ffn_gate,blk.28.ffn_gate.weight,Q4_0,4096,11008,1,16,42.246491
28,ffn_up,blk.28.ffn_up.weight,Q4_0,4096,11008,1,16,42.134895
28,ffn_down,blk.28.ffn_down.weight,Q4_0,11008,4096,1,16,42.816807
29,q_proj,blk.29.attn_q.weight,Q4_0,4096,4096,1,16,15.966637
29,k_proj,blk.29.attn_k.weight,Q4_0,4096,4096,1,16,16.012469
29,v_proj,blk.29.attn_v.weight,Q4_0,4096,4096,1,16,15.982383
29,o_proj,blk.29.attn_output.weight,Q4_0,4096,4096,1,16,16.087001
29,ffn_gate,blk.29.ffn_gate.weight,Q4_0,4096,11008,1,16,42.163474
29,ffn_up,blk.29.ffn_up.weight,Q4_0,4096,11008,1,16,42.229352
29,ffn_down,blk.29.ffn_down.weight,Q4_0,11008,4096,1,16,42.978757
30,q_proj,blk.30.attn_q.weight,Q4_0,4096,4096,1,16,15.966469
30,k_proj,blk.30.attn_k.weight,Q4_0,4096,4096,1,16,15.961566
30,v_proj,blk.30.attn_v.weight,Q4_0,4096,4096,1,16,15.973287
30,o_proj,blk.30.attn_output.weight,Q4_0,4096,4096,1,16,16.077834
30,ffn_gate,blk.30.ffn_gate.weight,Q4_0,4096,11008,1,16,42.267141
30,ffn_up,blk.30.ffn_up.weight,Q4_0,4096,11008,1,16,42.606352
30,ffn_down,blk.30.ffn_down.weight,Q4_0,11008,4096,1,16,42.889870
31,q_proj,blk.31.attn_q.weight,Q4_0,4096,4096,1,16,16.131743
31,k_proj,blk.31.attn_k.weight,Q4_0,4096,4096,1,16,15.955203
31,v_proj,blk.31.attn_v.weight,Q4_0,4096,4096,1,16,15.922434
31,o_proj,blk.31.attn_output.weight,Q4_0,4096,4096,1,16,16.051738
31,ffn_gate,blk.31.ffn_gate.weight,Q4_0,4096,11008,1,16,42.267325
31,ffn_up,blk.31.ffn_up.weight,Q4_0,4096,11008,1,16,42.206932
31,ffn_down,blk.31.ffn_down.weight,Q4_0,11008,4096,1,16,42.889227
